,O_Day_0_Abx_D,O_Day_7_Abx_A,F_Day_7_Abx_D,O_Day_0_Abx_C,O_Day_3_Abx_C,F_Day_3_Abx_B,F_Day_0_Abx_E,O_Day_3_Abx_A,KP_Exp_8_D8_AVN1,O_Day_3_Abx_B,KP_Exp_8_D0_OR_AVN3,F_Day_3_Abx_E,O_Day_7_Abx_E,O_Day_0_Abx_B,F_Day_3_Abx_C,F_Day_0_Abx_D,F_Day_3_Abx_D,KP_Exp_8_D0_OR_AVN1,KP_Exp_8_D0_OR_AVN2,O_Day_0_Abx_A,F_Day_0_Abx_A,F_Day_0_Abx_C,F_Day_7_Abx_A,F_Day_7_Abx_B,KP_Exp_8_D8_AVN2,KP_Exp_8_D8_AVN3,O_Day_3_Abx_E,O_Day_7_Abx_D,KP_Exp_8_D0_AVN3,F_Day_7_Abx_E,KP_Exp_8_D0_AVN1,O_Day_7_Abx_B,F_Day_3_Abx_A,KP_Exp_8_D0_AVN2,O_Day_0_Abx_E,Group
O_Day_0_Abx_D,0.0,0.6541909286852665,0.7411234475300028,0.6488530350431012,0.5616701895128148,0.6986742612675344,0.9136587465750836,0.7066094452525787,0.8047953206258092,0.6836907589506815,0.8994952998139062,0.7137250405391935,0.7271306507971171,0.6983061973622575,0.7308439620423532,0.909348878554746,0.9078550255153093,0.8017554854126382,0.8013167246650857,0.753792058580713,0.9251136403320536,0.9304576931963123,0.8625597341000497,0.7676667910110327,0.772055048657002,0.7576091412641816,0.6483240913600059,0.8415731424148607,0.913981622444541,0.8294245220217819,0.9465322977356111,0.6066730841153264,0.8576327630682236,0.9254818655162612,0.6527777522531109,pre_oral
O_Day_7_Abx_A,0.6541909286852665,0.0,0.7979854756179179,0.6008391023641333,0.6111548393167935,0.6821124704720988,0.7673687100525455,0.7405767252900772,0.8507106315684982,0.6615833087104637,0.8389791532794111,0.6562476972227286,0.6629147296092376,0.6524342668861604,0.6450361670586187,0.7884303976382215,0.7151055025572801,0.8338669709911707,0.7654238578894763,0.7150865007744118,0.815338307896096,0.7563517938763022,0.6856880611222513,0.7128332458703863,0.8802226798970595,0.8723499181966844,0.6537003880996052,0.7214023388331587,0.8997172229743293,0.6621069800992858,0.9195946095247343,0.5656026881178108,0.7160214071881503,0.897359452927086,0.755417756501492,post_oral
F_Day_7_Abx_D,0.7411234475300028,0.7979854756179179,0.0,0.8276895091428399,0.6933788309568235,0.5837208606189352,0.955674104657456,0.8067243137260406,0.8108646065905054,0.6384600490692003,0.9597562181963576,0.6883238755928809,0.7884328427347673,0.7562384220439459,0.7552119435440727,0.9741779738766504,0.9589729277142063,0.8759061949249601,0.844338764623166,0.8118640994510495,0.9688609699809096,0.9609927914242805,0.9001522972545701,0.7741359251225886,0.7370744678760123,0.7223716170418139,0.6973920013458342,0.831536461251734,0.9681237821597602,0.9084687490379857,0.9868142110372544,0.7836774312038642,0.9204151378153584,0.9760700940617987,0.6915313013532155,post_fecal
O_Day_0_Abx_C,0.6488530350431012,0.6008391023641333,0.8276895091428399,0.0,0.7187683035906246,0.748038417444217,0.7399475613262428,0.7812059965684482,0.8588915765078566,0.770879913311284,0.8824240784190089,0.7577704287477687,0.7103510252203185,0.7369676322387732,0.68775349879532,0.7428790952499754,0.7473170902485795,0.8277848604372386,0.8292895939863504,0.8041036465626611,0.7560511844531981,0.7570898660651949,0.6848612711422442,0.6727772230255962,0.8800939017573521,0.8735395504514212,0.753660751682647,0.7313740508790413,0.9257794015686901,0.6519182190740476,0.9383444777744417,0.6698329115601506,0.6974859579711883,0.9234376675715248,0.5876223183438076,pre_oral
O_Day_3_Abx_C,0.5616701895128148,0.6111548393167935,0.6933788309568235,0.7187683035906246,0.0,0.6094344490021582,0.8642055880003943,0.7096646466692399,0.824575170085024,0.5731674624484606,0.866788794721024,0.6084879448092004,0.704705021329419,0.6655065160992547,0.6358599012008148,0.8665508473978263,0.8872465757985338,0.8737063115028738,0.8254254901970266,0.7682074985446651,0.8891314485528342,0.889194478706463,0.801965607076585,0.7212528353366493,0.7941729843393449,0.7849508726541502,0.5901157239840675,0.7670469934931038,0.8797759662502207,0.7664544045829721,0.9125179466851457,0.6099300156992028,0.7864850868918722,0.8839786523942212,0.6742630194850046,post_oral
F_Day_3_Abx_B,0.6986742612675344,0.6821124704720988,0.5837208606189352,0.748038417444217,0.6094344490021582,0.0,0.7516662563939489,0.7466382704488511,0.7645440980035846,0.5691553946377438,0.8285659872602388,0.39719689986363066,0.6870517931165158,0.6293889321034,0.4075970185267472,0.6884017039326521,0.7696119183797612,0.8362762058205988,0.7772328587158666,0.838733677831194,0.7414034745323502,0.761325802476448,0.6538588565275731,0.6790354586796339,0.7480163020557976,0.7267227726758919,0.7145464128398841,0.8553172935675111,0.8658297891953981,0.6278299043157026,0.8695191180729902,0.7229607040270324,0.5781011030677127,0.8289826226222627,0.6613780386479965,post_fecal
F_Day_0_Abx_E,0.9136587465750836,0.7673687100525455,0.955674104657456,0.7399475613262428,0.8642055880003943,0.7516662563939489,0.0,0.947625225123756,0.974141973159906,0.8809745195869446,0.8563242575913403,0.6819192748509865,0.7191878904858408,0.8132905310195612,0.6176453224250354,0.3264123197678712,0.46544563236262093,0.977617953549525,0.9344704286671343,0.9619336805208341,0.5245047367897072,0.32220752187050256,0.5355152692771542,0.5815679316192452,0.9932700150146403,0.9960312718600723,0.9265660658456464,0.770139441018173,0.888529665324933,0.45297855484052524,0.8968955135594127,0.7736841619170394,0.5216843058343393,0.8536199285035726,0.9605355753527932,pre_fecal
O_Day_3_Abx_A,0.7066094452525787,0.7405767252900772,0.8067243137260406,0.7812059965684482,0.7096646466692399,0.7466382704488511,0.947625225123756,0.0,0.800166845853958,0.7122707013542414,0.9159145599683622,0.7682064451086669,0.817418836923205,0.7197164097682217,0.7765063829475352,0.9468705659041191,0.9529350172917824,0.8467828864579047,0.8261987877344302,0.7985216360382763,0.9612031376425614,0.9636892195704982,0.907958335926082,0.8085927921393908,0.8168068993453921,0.8055707531466804,0.7378523227998297,0.9187672377231431,0.928112947658402,0.8930629904307319,0.9353310653245024,0.7770198105081827,0.879280080076519,0.9287483356944282,0.7525207406395505,post_oral
KP_Exp_8_D8_AVN1,0.8047953206258092,0.8507106315684982,0.8108646065905054,0.8588915765078566,0.824575170085024,0.7645440980035846,0.974141973159906,0.800166845853958,0.0,0.7895192200563723,0.7832446766740909,0.7885603805612068,0.8730241359865761,0.798680056884388,0.7442514241578009,0.9749870421793663,0.9781945004256914,0.8334995931038698,0.6844543199200188,0.8841486019573042,0.9867255955791971,0.9911355754584766,0.9439145011683449,0.8722189324867693,0.34209931488868545,0.3335692834765777,0.8096060473253666,0.9946249087728813,0.8640358558790731,0.9267374272132364,0.7888923193398892,0.8613882350865723,0.9152545061255901,0.7893862362838319,0.7885074554451204,post_fecal
O_Day_3_Abx_B,0.6836907589506815,0.6615833087104637,0.6384600490692003,0.770879913311284,0.5731674624484606,0.5691553946377438,0.8809745195869446,0.7122707013542414,0.7895192200563723,0.0,0.8590523467966195,0.6042326530405907,0.7317278377537441,0.6720448960380757,0.6654472967001785,0.9023612018289044,0.8773659723556354,0.8573531222321347,0.7851321253622497,0.8087415909441553,0.910971809163387,0.9187304674981219,0.8188839657654874,0.7321297240199609,0.7832124528260379,0.7680050442624275,0.6304367262520393,0.8637331952269789,0.8836894048611869,0.8007477821873978,0.911564915328744,0.7330946787795157,0.8268944391801152,0.8901940724232796,0.616225089234871,post_oral
KP_Exp_8_D0_OR_AVN3,0.8994952998139062,0.8389791532794111,0.9597562181963576,0.8824240784190089,0.866788794721024,0.8285659872602388,0.8563242575913403,0.9159145599683622,0.7832446766740909,0.8590523467966195,0.0,0.8256057358522674,0.8707605535816336,0.9097557068355752,0.7741554950772631,0.8768152356401865,0.8747224724911936,0.9269406201800268,0.5436456750193894,0.9643525994059373,0.8862608980097666,0.8989522664975419,0.7907115397715593,0.856590052203167,0.9813613152136592,0.9859731705396376,0.9197494924366623,0.9314272441598351,0.5531646663383181,0.7922371821014825,0.5202366273332637,0.8458417237138868,0.8594062740920069,0.31271858525253743,0.937343923466625,pre_oral
F_Day_3_Abx_E,0.7137250405391935,0.6562476972227286,0.6883238755928809,0.7577704287477687,0.6084879448092004,0.39719689986363066,0.6819192748509865,0.7682064451086669,0.7885603805612068,0.6042326530405907,0.8256057358522674,0.0,0.656667207718483,0.6704284199403459,0.4115174387606035,0.6737483597713978,0.7278221938089212,0.8691695686581334,0.8133739520821912,0.832864486562994,0.7492466835361518,0.6450839984012079,0.5667252214474152,0.6419481482629873,0.7706154831687633,0.7572155598524847,0.7343256991380434,0.867972106668951,0.860371999615506,0.5705936399921522,0.8799127136197256,0.7222845343840518,0.6092153162855612,0.8317742536279071,0.6862794942890749,post_fecal
O_Day_7_Abx_E,0.7271306507971171,0.6629147296092376,0.7884328427347673,0.7103510252203185,0.704705021329419,0.6870517931165158,0.7191878904858408,0.817418836923205,0.8730241359865761,0.7317278377537441,0.8707605535816336,0.656667207718483,0.0,0.7765145231401681,0.591982801679227,0.7362093383273576,0.6732444030733792,0.8714990646302505,0.8852152337601723,0.806046434099986,0.7858592099092311,0.7335917436357837,0.6902191049325077,0.5873245482701914,0.845652572626541,0.8454227111673129,0.7394726934168809,0.7650826161242054,0.9316194765459195,0.6688001414646505,0.9482367613408482,0.701403854882577,0.7087500310740092,0.9358841208862292,0.764222516801845,post_oral
O_Day_0_Abx_B,0.6983061973622575,0.6524342668861604,0.7562384220439459,0.7369676322387732,0.6655065160992547,0.6293889321034,0.8132905310195612,0.7197164097682217,0.798680056884388,0.6720448960380757,0.9097557068355752,0.6704284199403459,0.7765145231401681,0.0,0.6680726973958149,0.8145861342091261,0.8972698083573236,0.8112840733294038,0.8061613916218723,0.7657820930263425,0.8773455115790725,0.828570944985059,0.7672418980095295,0.7722752378932548,0.8074242475827693,0.8002826356492498,0.6980023666589585,0.8885350325663239,0.9227510504313453,0.742636354592818,0.9261788898054875,0.7369307430012411,0.7463189029173779,0.9039610887599104,0.6658537799093096,pre_oral
F_Day_3_Abx_C,0.7308439620423532,0.6450361670586187,0.7552119435440727,0.68775349879532,0.6358599012008148,0.4075970185267472,0.6176453224250354,0.7765063829475352,0.7442514241578009,0.6654472967001785,0.7741554950772631,0.4115174387606035,0.591982801679227,0.6680726973958149,0.0,0.5724789522032501,0.6237619436295623,0.8881714808047121,0.7637998572750265,0.848343768869299,0.6415666183555785,0.6291935067933874,0.515452297820695,0.5584440870177328,0.8045097152281809,0.8043613898190162,0.7251922939439301,0.7793679534254982,0.825856090918778,0.4835494125115922,0.8146876797436269,0.7129226807676102,0.49070395301670106,0.7779477273390447,0.7674958975429976,post_fecal
F_Day_0_Abx_D,0.909348878554746,0.7884303976382215,0.9741779738766504,0.7428790952499754,0.8665508473978263,0.6884017039326521,0.3264123197678712,0.9468705659041191,0.9749870421793663,0.9023612018289044,0.8768152356401865,0.6737483597713978,0.7362093383273576,0.8145861342091261,0.5724789522032501,0.0,0.4286685383290013,0.9777183742758556,0.9484335236829718,0.9664669576619496,0.4182744044389151,0.38009971065831627,0.4971095702393989,0.6073534138114516,0.993304797212348,0.9956231962329337,0.9217808790487659,0.7627809993079093,0.9078397634063954,0.3804327152413576,0.8887988385289384,0.8003971200367013,0.43245818279254994,0.8633429858538662,0.9609190469543276,pre_fecal
F_Day_3_Abx_D,0.9078550255153093,0.7151055025572801,0.9589729277142063,0.7473170902485795,0.8872465757985338,0.7696119183797612,0.46544563236262093,0.9529350172917824,0.9781945004256914,0.8773659723556354,0.8747224724911936,0.7278221938089212,0.6732444030733792,0.8972698083573236,0.6237619436295623,0.4286685383290013,0.0,0.9733840304182511,0.9463393941968119,0.946221054104983,0.4938630052880637,0.4481877778531854,0.5626639166828395,0.5064806581543422,0.9942313455199279,0.9962645688414884,0.9333207046789165,0.8004055118493089,0.9196877171298197,0.4710799588230597,0.932799914583253,0.8190048568331353,0.5592653327799655,0.9077827110185568,0.9630630812437797,post_fecal
KP_Exp_8_D0_OR_AVN1,0.8017554854126382,0.8338669709911707,0.8759061949249601,0.8277848604372386,0.8737063115028738,0.8362762058205988,0.977617953549525,0.8467828864579047,0.8334995931038698,0.8573531222321347,0.9269406201800268,0.8691695686581334,0.8714990646302505,0.8112840733294038,0.8881714808047121,0.9777183742758556,0.9733840304182511,0.0,0.6941497001734483,0.8808754518505921,0.9883329140088896,0.992700624002322,0.9231672495575426,0.9214785501796666,0.8203716861906902,0.820755679531185,0.8730472379138684,0.9701058043709563,0.9615211773957982,0.9204344364531674,0.9614858408743253,0.8918660824626448,0.9173554742451909,0.9614785711731593,0.7733924428116643,pre_oral
KP_Exp_8_D0_OR_AVN2,0.8013167246650857,0.7654238578894763,0.844338764623166,0.8292895939863504,0.8254254901970266,0.7772328587158666,0.9344704286671343,0.8261987877344302,0.6844543199200188,0.7851321253622497,0.5436456750193894,0.8133739520821912,0.8852152337601723,0.8061613916218723,0.7637998572750265,0.9484335236829718,0.9463393941968119,0.6941497001734483,0.0,0.906175977168476,0.9653096023672678,0.9630108279885515,0.9010181123938721,0.8875777279627884,0.8290118461209002,0.8160168475050176,0.8180921576079901,0.9544473816068219,0.7572321119094796,0.8865432222526718,0.6607293472256554,0.8289438287608402,0.8972016275577361,0.5668686695996397,0.7869779338866307,pre_oral
O_Day_0_Abx_A,0.753792058580713,0.7150865007744118,0.8118640994510495,0.8041036465626611,0.7682074985446651,0.838733677831194,0.9619336805208341,0.7985216360382763,0.8841486019573042,0.8087415909441553,0.9643525994059373,0.832864486562994,0.806046434099986,0.7657820930263425,0.848343768869299,0.9664669576619496,0.946221054104983,0.8808754518505921,0.906175977168476,0.0,0.976904048791455,0.9584092524464849,0.892295571092678,0.8544709735754443,0.8841158611130208,0.8843921711305827,0.7754068658207659,0.8487498312166066,0.9898193031224859,0.8875538772648817,0.9845636228581266,0.7454143456001183,0.9336390297731076,0.9793780224149441,0.7887372838131398,pre_oral
F_Day_0_Abx_A,0.9251136403320536,0.815338307896096,0.9688609699809096,0.7560511844531981,0.8891314485528342,0.7414034745323502,0.5245047367897072,0.9612031376425614,0.9867255955791971,0.910971809163387,0.8862608980097666,0.7492466835361518,0.7858592099092311,0.8773455115790725,0.6415666183555785,0.4182744044389151,0.4938630052880637,0.9883329140088896,0.9653096023672678,0.976904048791455,0.0,0.5257067337170012,0.5898872557875423,0.47938778449207914,0.9942501127077198,0.9963822809889691,0.9276445871897874,0.8201215979063522,0.9217669952890147,0.5333299783330523,0.9031252530928753,0.8423199934621333,0.5362223690391821,0.8848886848571127,0.9727288839516021,pre_fecal
F_Day_0_Abx_C,0.9304576931963123,0.7563517938763022,0.9609927914242805,0.7570898660651949,0.889194478706463,0.761325802476448,0.32220752187050256,0.9636892195704982,0.9911355754584766,0.9187304674981219,0.8989522664975419,0.6450839984012079,0.7335917436357837,0.828570944985059,0.6291935067933874,0.38009971065831627,0.4481877778531854,0.992700624002322,0.9630108279885515,0.9584092524464849,0.5257067337170012,0.0,0.51252653553734,0.6168503303868229,0.994146278014515,0.9965922358419981,0.9373511229674951,0.7773943996784406,0.925708603828288,0.4686876597922034,0.9239006847142051,0.8218077955855233,0.5259417874979735,0.87986902243712,0.9775466180233781,pre_fecal
F_Day_7_Abx_A,0.8625597341000497,0.6856880611222513,0.9001522972545701,0.6848612711422442,0.801965607076585,0.6538588565275731,0.5355152692771542,0.907958335926082,0.9439145011683449,0.8188839657654874,0.7907115397715593,0.5667252214474152,0.6902191049325077,0.7672418980095295,0.515452297820695,0.4971095702393989,0.5626639166828395,0.9231672495575426,0.9010181123938721,0.892295571092678,0.5898872557875423,0.51252653553734,0.0,0.6390611781518921,0.9517252541382976,0.9545566977581912,0.8644781906551887,0.7801604896025881,0.8515601499745277,0.29690080329456214,0.910914794059303,0.7680212982538558,0.49334539522886744,0.8662593534516038,0.8678018709297478,post_fecal
F_Day_7_Abx_B,0.7676667910110327,0.7128332458703863,0.7741359251225886,0.6727772230255962,0.7212528353366493,0.6790354586796339,0.5815679316192452,0.8085927921393908,0.8722189324867693,0.7321297240199609,0.856590052203167,0.6419481482629873,0.5873245482701914,0.7722752378932548,0.5584440870177328,0.6073534138114516,0.5064806581543422,0.9214785501796666,0.8875777279627884,0.8544709735754443,0.47938778449207914,0.6168503303868229,0.6390611781518921,0.0,0.8450928016078666,0.8481357528152464,0.7556003851088636,0.7963665425593673,0.9241430857681543,0.6053581653576655,0.9363418062033199,0.7267665020191864,0.6493809988504979,0.9254417535244787,0.7973742470247761,post_fecal
KP_Exp_8_D8_AVN2,0.772055048657002,0.8802226798970595,0.7370744678760123,0.8800939017573521,0.7941729843393449,0.7480163020557976,0.9932700150146403,0.8168068993453921,0.34209931488868545,0.7832124528260379,0.9813613152136592,0.7706154831687633,0.845652572626541,0.8074242475827693,0.8045097152281809,0.993304797212348,0.9942313455199279,0.8203716861906902,0.8290118461209002,0.8841158611130208,0.9942501127077198,0.994146278014515,0.9517252541382976,0.8450928016078666,0.0,0.17732136754346595,0.7693554896017094,0.9967434032283161,0.9923265124616368,0.9565521818433633,0.9930796943640453,0.8825295534085625,0.9429850163812818,0.9922432262721333,0.7498152980748608,post_fecal
KP_Exp_8_D8_AVN3,0.7576091412641816,0.8723499181966844,0.7223716170418139,0.8735395504514212,0.7849508726541502,0.7267227726758919,0.9960312718600723,0.8055707531466804,0.3335692834765777,0.7680050442624275,0.9859731705396376,0.7572155598524847,0.8454227111673129,0.8002826356492498,0.8043613898190162,0.9956231962329337,0.9962645688414884,0.820755679531185,0.8160168475050176,0.8843921711305827,0.9963822809889691,0.9965922358419981,0.9545566977581912,0.8481357528152464,0.17732136754346595,0.0,0.7698374799892064,0.9980744568555222,0.9959483516193555,0.9593535261905339,0.9966747565720577,0.8852660448894988,0.9437247459331444,0.9959549665386325,0.7285220264125605,post_fecal
O_Day_3_Abx_E,0.6483240913600059,0.6537003880996052,0.6973920013458342,0.753660751682647,0.5901157239840675,0.7145464128398841,0.9265660658456464,0.7378523227998297,0.8096060473253666,0.6304367262520393,0.9197494924366623,0.7343256991380434,0.7394726934168809,0.6980023666589585,0.7251922939439301,0.9217808790487659,0.9333207046789165,0.8730472379138684,0.8180921576079901,0.7754068658207659,0.9276445871897874,0.9373511229674951,0.8644781906551887,0.7556003851088636,0.7693554896017094,0.7698374799892064,0.0,0.7775344231765201,0.94838308431749,0.8696670628518463,0.9531935375145091,0.7205476202247082,0.8878921064776877,0.9487354225546286,0.704749982233556,post_oral
O_Day_7_Abx_D,0.8415731424148607,0.7214023388331587,0.831536461251734,0.7313740508790413,0.7670469934931038,0.8553172935675111,0.770139441018173,0.9187672377231431,0.9946249087728813,0.8637331952269789,0.9314272441598351,0.867972106668951,0.7650826161242054,0.8885350325663239,0.7793679534254982,0.7627809993079093,0.8004055118493089,0.9701058043709563,0.9544473816068219,0.8487498312166066,0.8201215979063522,0.7773943996784406,0.7801604896025881,0.7963665425593673,0.9967434032283161,0.9980744568555222,0.7775344231765201,0.0,0.9742492349676727,0.7798494848773796,0.9704174421069991,0.6617845318107018,0.7906465838282606,0.9705804032678974,0.9519832318135301,post_oral
KP_Exp_8_D0_AVN3,0.913981622444541,0.8997172229743293,0.9681237821597602,0.9257794015686901,0.8797759662502207,0.8658297891953981,0.888529665324933,0.928112947658402,0.8640358558790731,0.8836894048611869,0.5531646663383181,0.860371999615506,0.9316194765459195,0.9227510504313453,0.825856090918778,0.9078397634063954,0.9196877171298197,0.9615211773957982,0.7572321119094796,0.9898193031224859,0.9217669952890147,0.925708603828288,0.8515601499745277,0.9241430857681543,0.9923265124616368,0.9959483516193555,0.94838308431749,0.9742492349676727,0.0,0.8273557444001636,0.34596123190966316,0.9208658110349441,0.8955819096533191,0.49228363626543586,0.9545794184657531,pre_fecal
F_Day_7_Abx_E,0.8294245220217819,0.6621069800992858,0.9084687490379857,0.6519182190740476,0.7664544045829721,0.6278299043157026,0.45297855484052524,0.8930629904307319,0.9267374272132364,0.8007477821873978,0.7922371821014825,0.5705936399921522,0.6688001414646505,0.742636354592818,0.4835494125115922,0.3804327152413576,0.4710799588230597,0.9204344364531674,0.8865432222526718,0.8875538772648817,0.5333299783330523,0.4686876597922034,0.29690080329456214,0.6053581653576655,0.9565521818433633,0.9593535261905339,0.8696670628518463,0.7798494848773796,0.8273557444001636,0.0,0.8980276304754631,0.740564471108661,0.4404170670051521,0.8510171157876835,0.8715799862571225,post_fecal
KP_Exp_8_D0_AVN1,0.9465322977356111,0.9195946095247343,0.9868142110372544,0.9383444777744417,0.9125179466851457,0.8695191180729902,0.8968955135594127,0.9353310653245024,0.7888923193398892,0.911564915328744,0.5202366273332637,0.8799127136197256,0.9482367613408482,0.9261788898054875,0.8146876797436269,0.8887988385289384,0.932799914583253,0.9614858408743253,0.6607293472256554,0.9845636228581266,0.9031252530928753,0.9239006847142051,0.910914794059303,0.9363418062033199,0.9930796943640453,0.9966747565720577,0.9531935375145091,0.9704174421069991,0.34596123190966316,0.8980276304754631,0.0,0.9276941571411762,0.8938011728471132,0.4361468058300757,0.9573171458366295,pre_fecal
O_Day_7_Abx_B,0.6066730841153264,0.5656026881178108,0.7836774312038642,0.6698329115601506,0.6099300156992028,0.7229607040270324,0.7736841619170394,0.7770198105081827,0.8613882350865723,0.7330946787795157,0.8458417237138868,0.7222845343840518,0.701403854882577,0.7369307430012411,0.7129226807676102,0.8003971200367013,0.8190048568331353,0.8918660824626448,0.8289438287608402,0.7454143456001183,0.8423199934621333,0.8218077955855233,0.7680212982538558,0.7267665020191864,0.8825295534085625,0.8852660448894988,0.7205476202247082,0.6617845318107018,0.9208658110349441,0.740564471108661,0.9276941571411762,0.0,0.7684805195955499,0.9239637735913035,0.8181743513809938,post_oral
F_Day_3_Abx_A,0.8576327630682236,0.7160214071881503,0.9204151378153584,0.6974859579711883,0.7864850868918722,0.5781011030677127,0.5216843058343393,0.879280080076519,0.9152545061255901,0.8268944391801152,0.8594062740920069,0.6092153162855612,0.7087500310740092,0.7463189029173779,0.49070395301670106,0.43245818279254994,0.5592653327799655,0.9173554742451909,0.8972016275577361,0.9336390297731076,0.5362223690391821,0.5259417874979735,0.49334539522886744,0.6493809988504979,0.9429850163812818,0.9437247459331444,0.8878921064776877,0.7906465838282606,0.8955819096533191,0.4404170670051521,0.8938011728471132,0.7684805195955499,0.0,0.8553171761675076,0.8976665855533686,post_fecal
KP_Exp_8_D0_AVN2,0.9254818655162612,0.897359452927086,0.9760700940617987,0.9234376675715248,0.8839786523942212,0.8289826226222627,0.8536199285035726,0.9287483356944282,0.7893862362838319,0.8901940724232796,0.31271858525253743,0.8317742536279071,0.9358841208862292,0.9039610887599104,0.7779477273390447,0.8633429858538662,0.9077827110185568,0.9614785711731593,0.5668686695996397,0.9793780224149441,0.8848886848571127,0.87986902243712,0.8662593534516038,0.9254417535244787,0.9922432262721333,0.9959549665386325,0.9487354225546286,0.9705804032678974,0.49228363626543586,0.8510171157876835,0.4361468058300757,0.9239637735913035,0.8553171761675076,0.0,0.9550059979101446,pre_fecal
O_Day_0_Abx_E,0.6527777522531109,0.755417756501492,0.6915313013532155,0.5876223183438076,0.6742630194850046,0.6613780386479965,0.9605355753527932,0.7525207406395505,0.7885074554451204,0.616225089234871,0.937343923466625,0.6862794942890749,0.764222516801845,0.6658537799093096,0.7674958975429976,0.9609190469543276,0.9630630812437797,0.7733924428116643,0.7869779338866307,0.7887372838131398,0.9727288839516021,0.9775466180233781,0.8678018709297478,0.7973742470247761,0.7498152980748608,0.7285220264125605,0.704749982233556,0.9519832318135301,0.9545794184657531,0.8715799862571225,0.9573171458366295,0.8181743513809938,0.8976665855533686,0.9550059979101446,0.0,pre_oral
